iter	Logloss
0	0.668690856
1	0.6611254066
2	0.6586569032
3	0.6572472158
4	0.6568830051
5	0.6563986024
6	0.6563520068
7	0.6560470706
8	0.6558235284
9	0.6556979007
10	0.6555061335
11	0.6555057685
12	0.6552241224
13	0.6551546362
14	0.6550966717
15	0.6550951785
16	0.6550386249
17	0.6549822292
18	0.6548384139
19	0.6547082819
